{"stats":{"minecraft:dropped":{"minecraft:wheat_seeds":1},"minecraft:mined":{"minecraft:birch_log":2,"minecraft:grass":2,"minecraft:oak_leaves":2},"minecraft:picked_up":{"minecraft:birch_log":2,"minecraft:wheat_seeds":3},"minecraft:custom":{"minecraft:jump":93,"minecraft:damage_dealt":8,"minecraft:crouch_one_cm":388,"minecraft:leave_game":4,"minecraft:play_time":17200,"minecraft:sprint_one_cm":8002,"minecraft:damage_taken":40,"minecraft:time_since_death":17200,"minecraft:walk_one_cm":14996,"minecraft:sneak_time":228,"minecraft:total_world_time":17200,"minecraft:fall_one_cm":2469,"minecraft:drop":1,"minecraft:fly_one_cm":24576,"minecraft:time_since_rest":17200}},"DataVersion":3465}