{"stats":{"minecraft:custom":{"minecraft:jump":79,"minecraft:crouch_one_cm":26,"minecraft:leave_game":2,"minecraft:play_time":13917,"minecraft:sprint_one_cm":4487,"minecraft:damage_taken":40,"minecraft:time_since_death":13917,"minecraft:walk_one_cm":9357,"minecraft:sneak_time":105,"minecraft:total_world_time":13917,"minecraft:fall_one_cm":2469,"minecraft:drop":1,"minecraft:fly_one_cm":14230,"minecraft:time_since_rest":13917},"minecraft:mined":{"minecraft:birch_log":2,"minecraft:grass":2,"minecraft:oak_leaves":2},"minecraft:dropped":{"minecraft:wheat_seeds":1},"minecraft:picked_up":{"minecraft:birch_log":2,"minecraft:wheat_seeds":3}},"DataVersion":3465}