{"stats":{"minecraft:custom":{"minecraft:jump":67,"minecraft:time_since_rest":7090,"minecraft:crouch_one_cm":26,"minecraft:leave_game":1,"minecraft:sprint_one_cm":4211,"minecraft:play_time":7090,"minecraft:damage_taken":40,"minecraft:time_since_death":7090,"minecraft:walk_one_cm":8085,"minecraft:sneak_time":39,"minecraft:total_world_time":7090,"minecraft:drop":1,"minecraft:fall_one_cm":2202,"minecraft:fly_one_cm":4008},"minecraft:dropped":{"minecraft:wheat_seeds":1},"minecraft:picked_up":{"minecraft:wheat_seeds":3,"minecraft:birch_log":2},"minecraft:mined":{"minecraft:birch_log":2,"minecraft:grass":2,"minecraft:oak_leaves":2}},"DataVersion":3465}