{"stats":{"minecraft:dropped":{"minecraft:wheat_seeds":1},"minecraft:mined":{"minecraft:birch_log":2,"minecraft:grass":2,"minecraft:oak_leaves":2},"minecraft:custom":{"minecraft:jump":116,"minecraft:damage_dealt":8,"minecraft:crouch_one_cm":388,"minecraft:leave_game":5,"minecraft:play_time":17717,"minecraft:sprint_one_cm":9195,"minecraft:damage_taken":40,"minecraft:time_since_death":17717,"minecraft:walk_one_cm":15344,"minecraft:sneak_time":235,"minecraft:total_world_time":17717,"minecraft:fall_one_cm":3096,"minecraft:drop":1,"minecraft:fly_one_cm":30859,"minecraft:time_since_rest":17717},"minecraft:picked_up":{"minecraft:birch_log":2,"minecraft:wheat_seeds":3}},"DataVersion":3465}