{"stats":{"minecraft:killed":{"minecraft:skeleton":1},"minecraft:mined":{"minecraft:grass_block":1},"minecraft:picked_up":{"minecraft:bone":1,"minecraft:arrow":2,"minecraft:dirt":1},"minecraft:custom":{"minecraft:jump":35,"minecraft:time_since_rest":3004,"minecraft:leave_game":1,"minecraft:damage_dealt":18,"minecraft:play_time":3004,"minecraft:damage_taken":145,"minecraft:time_since_death":3004,"minecraft:walk_one_cm":19928,"minecraft:sneak_time":13,"minecraft:total_world_time":3004,"minecraft:mob_kills":1,"minecraft:fall_one_cm":209,"minecraft:fly_one_cm":612}},"DataVersion":3465}